{"schemaVersion":"1.0","appDefinitionTemplate":{"id":"/providers/Microsoft.PowerApps/apps/","type":"Microsoft.PowerApps/apps","tags":{"primaryDeviceWidth":"1800","primaryDeviceHeight":"768","supportsPortrait":"true","supportsLandscape":"true","primaryFormFactor":"Tablet","showStatusBar":"false","publisherVersion":"3.25061.5","minimumRequiredApiVersion":"2.2.0","hasComponent":"true","hasUnlockedComponent":"true","isUnifiedRootApp":"false","offlineLargeFilesSupport":"false","sienaVersion":"20250612T070544Z-3.25061.5.0"},"properties":{"appVersion":"2025-06-12T07:05:44Z","lifeCycleId":"Published","createdByClientVersion":{"major":3,"minor":25061,"build":5,"revision":0,"majorRevision":0,"minorRevision":0},"minClientVersion":{"major":3,"minor":25061,"build":5,"revision":0,"majorRevision":0,"minorRevision":0},"backgroundColor":"RGBA(0,176,240,1)","backgroundImageUri":"/5641865981836323734/Ncb226c0c-7616-4198-bf19-58fca89686ea-logoSmallFile","displayName":"IT Help Desk","description":"","aiGeneratedDescription":"Optimize your IT support with the IT Help Desk app. Manage and track IT tickets, service requests, and change requests efficiently. Submit, update, and monitor IT issues to ensure timely resolution and enhanced productivity.","commitMessage":"","appUris":{"documentUri":{"value":"/5641865981836323734/N4427e5cd-ba26-4cd0-9d11-d10a955a2251-document.msapp"},"imageUris":[],"additionalUris":[{"isSolutionAware":false,"value":"/5641865981836323734/N71638fff-b8f8-4cc6-a34b-754dffc53b35-identity.json"}]},"createdTime":"0001-01-01T00:00:00Z","lastModifiedTime":"0001-01-01T00:00:00Z","sharedGroupsCount":0,"sharedUsersCount":0,"connectionReferences":{"1ee4f735-ddab-4fd1-bd25-ed49224e236f":{"id":"9df69c79-4cd6-46ca-8760-dcfcb26f8b7f","displayName":"SharePoint","iconUri":"https://conn-afd-prod-endpoint-bmc9bqahasf3grgk.b01.azurefd.net/releases/v1.0.1746/1.0.1746.4174/sharepointonline/icon.png","dataSources":["IT HelpDesk Admins","Change Request_1","Knowledge Base_1","Incidents History","Service Request History","IT Tickets","Service Request"],"dependencies":[],"dependents":["f9396c18-5b3d-4127-8d42-5b0836b3b2ff"],"parameterHints":{},"parameterHintsV2":{},"isOnPremiseConnection":false,"bypassConsent":false,"dataSets":{"https://rezilyens.sharepoint.com/sites/Intranet":{"dataSources":{"IT HelpDesk Admins":{"tableName":"7ca316e7-0f2d-4335-a304-ba81d4754e90"},"Change Request_1":{"tableName":"cf3651f4-a94d-499b-a050-113ab91486b1"},"Knowledge Base_1":{"tableName":"fe081ffc-6e6f-4ec8-a8b2-c90efbe04194"},"Incidents History":{"tableName":"70145943-303e-43a6-a5a5-e0a54fcba290"},"Service Request History":{"tableName":"8cc5a919-f9ac-4d0c-b6a9-21e62bc22d74"}}},"https://infowares.sharepoint.com/sites/Encircle_Dev":{"dataSources":{"IT Tickets":{"tableName":"7ee54fce-2dc0-4821-b7b1-53eb43b185d8"},"Service Request":{"tableName":"a136e468-0272-4358-9e72-424232297b19"}}}},"apiTier":"Standard","isCustomApiConnection":false,"actions":["providers/PowerPlatform.Governance/Operations/Read","providers/PowerPlatform.Governance/Operations/Write","providers/PowerPlatform.Governance/Operations/Delete"]},"f9396c18-5b3d-4127-8d42-5b0836b3b2ff":{"id":"d0c31c05-f3ff-45d2-b8cc-5a7efbb8744f","displayName":"Logic flows","iconUri":"https://conn-afd-prod-endpoint-bmc9bqahasf3grgk.b01.azurefd.net/v1.0.1752/1.0.1752.4216/logicflows/icon.png","dataSources":["Helpdesk|ExportToExcel2"],"dependencies":["1ee4f735-ddab-4fd1-bd25-ed49224e236f"],"dependents":[],"parameterHints":{"workflowName":{"value":"6fd00c29-e262-43e0-a2f0-7f1d1ba19dc1"},"workflowEntityId":{},"1ee4f735-ddab-4fd1-bd25-ed49224e236f":{"value":"shared_sharepointonline"}},"parameterHintsV2":{"workflowName":{"value":"6fd00c29-e262-43e0-a2f0-7f1d1ba19dc1"},"workflowEntityId":{},"shared_sharepointonline":{"value":"1ee4f735-ddab-4fd1-bd25-ed49224e236f"}},"isOnPremiseConnection":false,"bypassConsent":false,"dataSets":{},"apiTier":"Standard","isCustomApiConnection":false,"actions":["Run"],"nestedActions":[{"id":"/providers/Microsoft.PowerApps/apis/shared_sharepointonline/apiOperations/CreateFile","flowConnectionRef":"shared_sharepointonline","apiName":"SharePoint","actionName":"CreateFile","referencedResources":[{"key":"site","value":"https://rezilyens.sharepoint.com/sites/Intranet"}]},{"id":"/providers/Microsoft.PowerApps/apis/shared_sharepointonline/apiOperations/CreateSharingLink","flowConnectionRef":"shared_sharepointonline","apiName":"SharePoint","actionName":"CreateSharingLink","referencedResources":[{"key":"site","value":"https://rezilyens.sharepoint.com/sites/Intranet"},{"key":"list","value":"07c47a73-40d3-461a-a227-a5a430560be7"},{"key":"site","value":"https://rezilyens.sharepoint.com/sites/Intranet"},{"key":"fileId","value":"@outputs('Create_file')?['body/ItemId']"}]}]}},"databaseReferences":{},"almMode":"Environment","performanceOptimizationEnabled":true,"canConsumeAppPass":true,"enableModernRuntimeMode":false,"executionRestrictions":{"isTeamsOnly":false,"dataLossPreventionEvaluationResult":{"status":"Compliant","lastEvaluationDate":"2025-06-12T07:05:50.0590457Z","violations":[],"violationsByPolicy":[],"violationErrorMessage":"The app uses the following connectors: shared_sharepointonline, shared_logicflows."},"httpActionRestriction":{"appUsesSharepointHttpAction":false,"enforcementStrategy":"Legacy","evaluationTime":"2025-06-12T07:05:50.0589008Z"}}},"isAppComponentLibrary":false,"appType":"ClassicCanvasApp","appComponents":[]}}