{"name":"00802a95-54c9-4989-9a1d-86a6b60b18fe","id":"/providers/Microsoft.Flow/flows/00802a95-54c9-4989-9a1d-86a6b60b18fe","type":"Microsoft.Flow/flows","properties":{"apiId":"/providers/Microsoft.PowerApps/apis/shared_logicflows","displayName":"Helpdesk | Export To Excel2","definition":{"metadata":{"workflowEntityId":null,"processAdvisorMetadata":null,"flowChargedByPaygo":null,"flowclientsuspensionreason":"None","flowclientsuspensiontime":null,"flowclientsuspensionreasondetails":null,"creator":{"id":"20bda4f0-14bc-4ccd-99bd-8581dc394a9f","type":"User","tenantId":"a5b03744-23f4-447a-9b9d-f18539b8404f"},"provisioningMethod":"FromDefinition","failureAlertSubscription":true,"clientLastModifiedTime":"2024-11-03T12:58:52.167322Z","connectionKeySavedTimeKey":"2025-05-19T23:14:00.5972717Z"},"$schema":"https://schema.management.azure.com/providers/Microsoft.Logic/schemas/2016-06-01/workflowdefinition.json#","contentVersion":"1.0.0.0","parameters":{"$connections":{"defaultValue":{},"type":"Object"},"$authentication":{"defaultValue":{},"type":"SecureObject"}},"triggers":{"manual":{"metadata":{"operationMetadataId":"c9f07745-09da-4a8a-b281-75446598dd89"},"type":"Request","kind":"PowerAppV2","inputs":{"schema":{"type":"object","properties":{"text":{"title":"ExcelContent","type":"string","x-ms-dynamically-added":true,"description":"Please enter your input","x-ms-content-hint":"TEXT"}},"required":["text"]}}}},"actions":{"Compose":{"runAfter":{},"metadata":{"operationMetadataId":"3953eb3c-28f7-4c4e-99c9-364eb93f7174"},"type":"Compose","inputs":"@triggerBody()['text']"},"Create_CSV_table":{"runAfter":{"Compose":["Succeeded"]},"metadata":{"operationMetadataId":"48826436-95f1-4ad2-bd4e-c68ee24b89cb"},"type":"Table","inputs":{"from":"@json(outputs('Compose'))","format":"CSV"}},"Create_file":{"runAfter":{"Create_CSV_table":["Succeeded"]},"metadata":{"operationMetadataId":"6d61e3ff-2c30-465d-8f17-184f3357eff1"},"type":"OpenApiConnection","inputs":{"host":{"apiId":"/providers/Microsoft.PowerApps/apis/shared_sharepointonline","connectionName":"shared_sharepointonline","operationId":"CreateFile"},"parameters":{"dataset":"https://rezilyens.sharepoint.com/sites/Intranet","folderPath":"/HelpDesk Excel Reports","name":"@{utcNow()}.csv","body":"@body('Create_CSV_table')"},"authentication":{"value":"@json(decodeBase64(triggerOutputs().headers['X-MS-APIM-Tokens']))['$ConnectionKey']","type":"Raw"}},"runtimeConfiguration":{"contentTransfer":{"transferMode":"Chunked"}}},"Create_sharing_link_for_a_file_or_folder":{"runAfter":{"Create_file":["Succeeded"]},"metadata":{"operationMetadataId":"08f9d976-a241-4828-93ad-44a2140bb1e7"},"type":"OpenApiConnection","inputs":{"host":{"apiId":"/providers/Microsoft.PowerApps/apis/shared_sharepointonline","connectionName":"shared_sharepointonline","operationId":"CreateSharingLink"},"parameters":{"dataset":"https://rezilyens.sharepoint.com/sites/Intranet","table":"07c47a73-40d3-461a-a227-a5a430560be7","id":"@outputs('Create_file')?['body/ItemId']","permission/type":"edit","permission/scope":"organization"},"authentication":{"value":"@json(decodeBase64(triggerOutputs().headers['X-MS-APIM-Tokens']))['$ConnectionKey']","type":"Raw"}}},"Respond_to_a_PowerApp_or_flow":{"runAfter":{"Create_sharing_link_for_a_file_or_folder":["Succeeded"]},"metadata":{"operationMetadataId":"75d53075-770e-4783-a57d-3e5bd25cebbc"},"type":"Response","kind":"PowerApp","inputs":{"statusCode":200,"body":{"filelink":"@outputs('Create_sharing_link_for_a_file_or_folder')?['body/link/webUrl']"},"schema":{"type":"object","properties":{"filelink":{"title":"FileLink","x-ms-dynamically-added":true,"type":"string"}}}}}}},"connectionReferences":{"shared_sharepointonline":{"connectionName":"shared-sharepointonl-e9e187cd-58d2-44fc-8f41-d411d36c2735","source":"Invoker","id":"/providers/Microsoft.PowerApps/apis/shared_sharepointonline","tier":"NotSpecified","apiName":"sharepointonline","isProcessSimpleApiReferenceConversionAlreadyDone":false}},"flowFailureAlertSubscribed":false,"isManaged":false}}